"Income Statement 2026-08",""
"Account","Aug"
"Revenues",""
"income:salary","382000 JPY"
"income:sidework","11148 JPY"
"income:cashback","852 JPY"
"income:interest","1130 JPY"
"income:contracting","127.00 EUR, 6864 JPY"
"total","422314 JPY"
"Expenses",""
"expenses:rent","118000 JPY"
"expenses:food:grocery","45034 JPY"
"expenses:food:dining","20226 JPY"
"expenses:transport","11250 JPY"
"expenses:telecom","22.37 EUR"
"expenses:utilities:power","8139 JPY"
"expenses:health:pharmacy","3431 JPY"
"expenses:fitness:gym","8228 JPY"
"expenses:shopping:misc","35529 JPY"
"expenses:travel","131.23 EUR, 66660 JPY"
"total","341073 JPY"
"Net:","81241 JPY"
