"Income Statement 2025-09-01..2026-08-31","","","","","","","","","","","",""
"Account","2025-09","2025-10","2025-11","2025-12","2026-01","2026-02","2026-03","2026-04","2026-05","2026-06","2026-07","2026-08"
"Revenues","","","","","","","","","","","",""
"income:salary","382000 JPY","382000 JPY","382000 JPY","382000 JPY","382000 JPY","382000 JPY","382000 JPY","382000 JPY","374000 JPY","374000 JPY","374000 JPY","374000 JPY"
"income:sidework","31150 JPY","15880 JPY","28405 JPY","22980 JPY","3633 JPY","23033 JPY","651 JPY","0","33319 JPY","853 JPY","0","1090 JPY"
"income:cashback","657 JPY","530 JPY","505 JPY","673 JPY","166 JPY","252 JPY","645 JPY","651 JPY","205 JPY","803 JPY","509 JPY","678 JPY"
"income:interest","919 JPY","211 JPY","1106 JPY","1366 JPY","962 JPY","1540 JPY","648 JPY","756 JPY","18 JPY","1015 JPY","522 JPY","209 JPY"
"income:contracting","0","0","0","0","0","0","0","0","0","127.00 EUR, 6864 JPY","127.00 EUR, 6864 JPY","127.00 EUR, 6864 JPY"
"total","414726 JPY","398621 JPY","412016 JPY","407019 JPY","386761 JPY","406825 JPY","383944 JPY","383407 JPY","407542 JPY","403855 JPY","402215 JPY","403161 JPY"
"Expenses","","","","","","","","","","","",""
"expenses:rent","118000 JPY","118000 JPY","118000 JPY","118000 JPY","118000 JPY","118000 JPY","118000 JPY","118000 JPY","118000 JPY","118000 JPY","118000 JPY","118000 JPY"
"expenses:food:grocery","42084 JPY","44421 JPY","35643 JPY","41359 JPY","39229 JPY","36028 JPY","44324 JPY","37841 JPY","43757 JPY","34622 JPY","48126 JPY","38951 JPY"
"expenses:food:dining","18688 JPY","16064 JPY","16372 JPY","23504 JPY","21246 JPY","23159 JPY","15915 JPY","14701 JPY","16772 JPY","19392 JPY","19260 JPY","15392 JPY"
"expenses:transport","10882 JPY","7956 JPY","8173 JPY","9739 JPY","11079 JPY","11575 JPY","10619 JPY","11496 JPY","8677 JPY","9129 JPY","7676 JPY","7344 JPY"
"expenses:telecom","20.93 EUR","22.33 EUR","21.39 EUR","21.17 EUR","22.07 EUR","21.76 EUR","22.31 EUR","22.16 EUR","20.96 EUR","20.61 EUR","21.78 EUR","22.52 EUR"
"expenses:utilities:power","6666 JPY","4889 JPY","7300 JPY","5270 JPY","7571 JPY","6879 JPY","5377 JPY","6543 JPY","7467 JPY","8508 JPY","8342 JPY","8017 JPY"
"expenses:health:pharmacy","4401 JPY","3258 JPY","2748 JPY","3505 JPY","2009 JPY","2866 JPY","2818 JPY","1968 JPY","2094 JPY","4221 JPY","3177 JPY","2414 JPY"
"expenses:fitness:gym","8228 JPY","8228 JPY","8228 JPY","8228 JPY","8228 JPY","8228 JPY","8228 JPY","8228 JPY","8228 JPY","8228 JPY","8228 JPY","8228 JPY"
"expenses:shopping:misc","23607 JPY","25763 JPY","22820 JPY","21625 JPY","10811 JPY","13593 JPY","33939 JPY","32025 JPY","30575 JPY","23846 JPY","22128 JPY","24569 JPY"
"expenses:travel","0","0","0","0","0","0","0","0","0","0","131.23 EUR, 66660 JPY","0"
"total","235905 JPY","232152 JPY","222706 JPY","234617 JPY","221704 JPY","223810 JPY","242790 JPY","234348 JPY","238924 JPY","229244 JPY","326079 JPY","226518 JPY"
"Net:","178821 JPY","166469 JPY","189310 JPY","172402 JPY","165057 JPY","183015 JPY","141154 JPY","149059 JPY","168618 JPY","174611 JPY","76136 JPY","176643 JPY"
